First,Last,Age
John,Doe,23
Sam,Smith,40
Jan,Miller,18
John,Doe,23
Sam,Smith,40
Jan,Miller,18
John,Doe,23
Sam,Smith,40
Jan,Miller,18
John,Doe,23
Sam,Smith,40
Jan,Miller,18
John,Doe,23
Sam,Smith,40
Jan,Miller,18
Sam,Smith,40
Jan,Miller,18
Sam,Smith,40
Jan,Miller,18
John,Doe,23
Sam,Smith,40
Jan,Miller,18
John,Doe,23
Sam,Smith,40
Jan,Miller,18
John,Doe,23
Sam,Smith,40
Jan,Miller,18
John,Doe,23
Sam,Smith,40
Jan,Miller,18
John,Doe,23
Sam,Smith,40
Jan,Miller,18
Sam,Smith,40
Jan,Miller,18
Sam,Smith,40
Jan,Miller,18
John,Doe,23
Sam,Smith,40
Jan,Miller,18
John,Doe,23
Sam,Smith,40
Jan,Miller,18
John,Doe,23
Sam,Smith,40
Jan,Miller,18
John,Doe,23
Sam,Smith,40
Jan,Miller,18
John,Doe,23
Sam,Smith,40
Jan,Miller,18
Sam,Smith,40
Jan,Miller,18
Sam,Smith,40
Jan,Miller,18John,Doe,23
Sam,Smith,40
Jan,Miller,18
John,Doe,23
Sam,Smith,40
Jan,Miller,18
John,Doe,23
Sam,Smith,40
Jan,Miller,18
John,Doe,23
Sam,Smith,40
Jan,Miller,18
John,Doe,23
Sam,Smith,40
Jan,Miller,18
Sam,Smith,40
Jan,Miller,18
Sam,Smith,40
Jan,Miller,18John,Doe,23
Sam,Smith,40
Jan,Miller,18
John,Doe,23
Sam,Smith,40
Jan,Miller,18
John,Doe,23
Sam,Smith,40
Jan,Miller,18
John,Doe,23
Sam,Smith,40
Jan,Miller,18
John,Doe,23
Sam,Smith,40
Jan,Miller,18
Sam,Smith,40
Jan,Miller,18
Sam,Smith,40
Jan,Miller,18
John,Doe,23
Sam,Smith,40
Jan,Miller,18
John,Doe,23
Sam,Smith,40
Jan,Miller,18
John,Doe,23
Sam,Smith,40
Jan,Miller,18
John,Doe,23
Sam,Smith,40
Jan,Miller,18
John,Doe,23
Sam,Smith,40
Jan,Miller,18
Sam,Smith,40
Jan,Miller,18
Sam,Smith,40
Jan,Miller,18v
John,Doe,23
Sam,Smith,40
Jan,Miller,18
John,Doe,23
Sam,Smith,40
Jan,Miller,18
John,Doe,23
Sam,Smith,40
Jan,Miller,18
John,Doe,23
Sam,Smith,40
Jan,Miller,18
John,Doe,23
Sam,Smith,40
Jan,Miller,18
Sam,Smith,40
Jan,Miller,18
Sam,Smith,40
Jan,Miller,18John,Doe,23
Sam,Smith,40
Jan,Miller,18
John,Doe,23
Sam,Smith,40
Jan,Miller,18
John,Doe,23
Sam,Smith,40
Jan,Miller,18
John,Doe,23
Sam,Smith,40
Jan,Miller,18
John,Doe,23
Sam,Smith,40
Jan,Miller,18
Sam,Smith,40
Jan,Miller,18
Sam,Smith,40
Jan,Miller,18
John,Doe,23
Sam,Smith,40
Jan,Miller,18
John,Doe,23
Sam,Smith,40
Jan,Miller,18
John,Doe,23
Sam,Smith,40
Jan,Miller,18
John,Doe,23
Sam,Smith,40
Jan,Miller,18
John,Doe,23
Sam,Smith,40
Jan,Miller,18
Sam,Smith,40
Jan,Miller,18
Sam,Smith,40
Jan,Miller,18
John,Doe,23
Sam,Smith,40
Jan,Miller,18
John,Doe,23
Sam,Smith,40
Jan,Miller,18
John,Doe,23
Sam,Smith,40
Jan,Miller,18
John,Doe,23
Sam,Smith,40
Jan,Miller,18
John,Doe,23
Sam,Smith,40
Jan,Miller,18
Sam,Smith,40
Jan,Miller,18
Sam,Smith,40
Jan,Miller,18
John,Doe,23
Sam,Smith,40
Jan,Miller,18
John,Doe,23
Sam,Smith,40
Jan,Miller,18
John,Doe,23
Sam,Smith,40
Jan,Miller,18
John,Doe,23
Sam,Smith,40
Jan,Miller,18
John,Doe,23
Sam,Smith,40
Jan,Miller,18
Sam,Smith,40
Jan,Miller,18
Sam,Smith,40
Jan,Miller,18
John,Doe,23
Sam,Smith,40
Jan,Miller,18
John,Doe,23
Sam,Smith,40
Jan,Miller,18
John,Doe,23
Sam,Smith,40
Jan,Miller,18
John,Doe,23
Sam,Smith,40
Jan,Miller,18
John,Doe,23
Sam,Smith,40
Jan,Miller,18
Sam,Smith,40
Jan,Miller,18
Sam,Smith,40
Jan,Miller,18
John,Doe,23
Sam,Smith,40
Jan,Miller,18
John,Doe,23
Sam,Smith,40
Jan,Miller,18
John,Doe,23
Sam,Smith,40
Jan,Miller,18
John,Doe,23
Sam,Smith,40
Jan,Miller,18
John,Doe,23
Sam,Smith,40
Jan,Miller,18
Sam,Smith,40
Jan,Miller,18
Sam,Smith,40
Jan,Miller,18
John,Doe,23
Sam,Smith,40
Jan,Miller,18
John,Doe,23
Sam,Smith,40
Jan,Miller,18
John,Doe,23
Sam,Smith,40
Jan,Miller,18
John,Doe,23
Sam,Smith,40
Jan,Miller,18
John,Doe,23
Sam,Smith,40
Jan,Miller,18
Sam,Smith,40
Jan,Miller,18
Sam,Smith,40
Jan,Miller,18
John,Doe,23
Sam,Smith,40
Jan,Miller,18
John,Doe,23
Sam,Smith,40
Jan,Miller,18
John,Doe,23
Sam,Smith,40
Jan,Miller,18
John,Doe,23
Sam,Smith,40
Jan,Miller,18
John,Doe,23
Sam,Smith,40
Jan,Miller,18
Sam,Smith,40
Jan,Miller,18
Sam,Smith,40
Jan,Miller,18
John,Doe,23
Sam,Smith,40
Jan,Miller,18
John,Doe,23
Sam,Smith,40
Jan,Miller,18
John,Doe,23
Sam,Smith,40
Jan,Miller,18
John,Doe,23
Sam,Smith,40
Jan,Miller,18
John,Doe,23
Sam,Smith,40
Jan,Miller,18
Sam,Smith,40
Jan,Miller,18
Sam,Smith,40
Jan,Miller,18








